{
    "TotalMats": {
        "Metal": 0,
        "Obsidian": 0,
        "Gold": 0,
        "Amethyst": 0
    },
    "Legendaries": {
        "Sword": {
            "80": {
                "Crafted": false,
                "Metal": 15,
                "Obsidian": 5,
                "Gold": 15,
                "Amethyst": 15
            },
            "120": {
                "Crafted": false,
                "Metal": 20,
                "Obsidian": 15,
                "Gold": 20,
                "Amethyst": 25
            },
            "160": {
                "Crafted": false,
                "Metal": 15,
                "Obsidian": 50,
                "Gold": 40,
                "Amethyst": 50
            },
            "200": {
                "Crafted": false,
                "Metal": 65,
                "Obsidian": 75,
                "Gold": 80,
                "Amethyst": 100
            }
        },
        "Staff": {
            "80": {
                "Crafted": false,
                "Metal": 15,
                "Obsidian": 5,
                "Gold": 15,
                "Amethyst": 15
            },
            "120": {
                "Crafted": false,
                "Metal": 20,
                "Obsidian": 15,
                "Gold": 20,
                "Amethyst": 25
            },
            "160": {
                "Crafted": false,
                "Metal": 15,
                "Obsidian": 50,
                "Gold": 40,
                "Amethyst": 50
            },
            "200": {
                "Crafted": false,
                "Metal": 65,
                "Obsidian": 75,
                "Gold": 80,
                "Amethyst": 100
            }
        }
    },
    "SelectedWeapon": "Staff"
}